Labels;Sentences;;;
[0,0,0,0,0,0,0,0,0,0,0,5,0,0,0,0,5,0,0,0];"[ ""Shortly"", ""afterward"", "","", ""an"", ""encouraging"", ""response"", ""influenced"", ""him"", ""to"", ""go"", ""to"", ""India"", "";"", ""he"", ""arrived"", ""at"", ""Adyar"", ""in"", ""1884"", ""."" ]";;;
[0,1,2,0,1,2,0,0,0,0,0,0,0,0];"[ "":"", ""Kanye"", ""West"", ""featuring"", ""Jamie"", ""Foxx"", ""—"", ""``"", ""Gold"", ""Digger"", ""''"", ""("", ""2005"", "")"" ]";;;
[3,4,4];"[ ""Blacktown"", ""railway"", ""station"" ]";;;
[0,0,0,0,0,0,1,0,0,0];"[ ""''"", ""Mycalesis"", ""perseus"", ""lalassis"", ""''"", ""("", ""Hewitson"", "","", ""1864"", "")"" ]";;;
[1,2,2,0,0,0,0];"[ ""Jonny"", ""Lee"", ""Miller"", ""-"", ""Eli"", ""Stone"", ""''"" ]";;;
[0,0,0,1];"[ ""Tambourissa"", ""cocottensis"", ""''"", ""Lorence"" ]";;;
[0,0,0,0,0,0,5,6];"[ ""Admission"", ""to"", ""the"", ""bar"", ""in"", ""the"", ""United"", ""States"" ]";;;
[1,2,2,2,0];"[ ""Willy"", ""Unger"", ""of"", ""11"", ""."" ]";;;
[0,0,0,0,0,0,0,0,0,0,00,0,3,4,0];"[ ""Much"", ""construction"", ""was"", ""undertaken"", ""during"", ""this"", ""period"", "","", ""such"", ""as"", ""the"", ""building"", ""of"", ""Palermo"", ""Cathedral"", ""."" ]";;;
[0,0,0,0,0];"[ ""List"", ""of"", ""The"", ""O.C."", ""characters"" ]";;;
[3,4,4,0,5,0,5];"[ ""Cardiff"", ""Royal"", ""Infirmary"", "","", ""Roath"", "","", ""Cardiff"" ]";;;
[ 1, 2, 0, 0, 0, 0, 0, 0, 0 ];"[ ""Roger"", ""Houdet"", ""9"", ""June"", ""1958"", ""–"", ""27"", ""May"", ""1959"" ]";;;
[0,0,0,0,0,0,0,0];"[ ""List"", ""of"", ""Oz"", ""("", ""TV"", ""series"", "")"", ""characters"" ]";;;
[0,0,1,0,1,0,0,1,2,0,0,0,0,0,0,0];"[ "":"", ""''"", ""Jack"", ""and"", ""Diane"", ""''"", ""by"", ""John"", ""Mellencamp"", ""-"", ""''"", ""("", ""Top"", ""11"", "")"", ""''"" ]";;;
[0,0,5,0,5,6];"[ ""List"", ""of"", ""Antarctic"", ""and"", ""sub-Antarctic"", ""islands"" ]";;;
[ 3, 4, 4, 4 ];"[ ""Yukon"", ""New"", ""Democratic"", ""Party"" ]";;;
[ 3, 4, 4, 4, 4 ];"[ ""1st"", ""Foreign"", ""Legion"", ""Cavalry"", ""Regiment"" ]";;;
[ 1, 2, 0, 0, 0, 0, 0, 0, 0, 0, 0, 0 ];"[ ""John"", ""Reid"", ""("", ""''27"", ""July"", ""1998"", ""–"", ""17"", ""May"", ""1999"", ""''"", "")"" ]";;;
[ 5, 6, 6 ];"[ ""Annweiler"", ""am"", ""Trifels"" ]";;;
[ 1, 2, 2, 2, 2 ];"[ ""Manuel"", ""``"", ""Flaco"", ""''"", ""Ibáñez"" ]";;;
[0,0,0,0,0,0,0,0,0,0,0];"[ ""``"", ""Moments"", ""and"", ""Mine"", ""''"", ""7"", ""''"", ""single"", ""("", ""1981"", "")"" ]";;;
[0,3,4,0];"[ ""2008–09"", ""Beşiktaş"", ""J.K."", ""season"" ]";;;
[ 0, 0, 0, 0, 3, 4, 0, 0 ];"[ ""C]]"", "")"", ""'"", ""''"", ""Akritas"", ""Chlorakas"", ""''"", ""'"" ]";;;
[ 3, 4, 4, 0, 0, 0, 0 ];"[ ""Farmers"", ""'"", ""Almanac"", ""''"", ""("", ""1818–present"", "")"" ]";;;
[ 0, 0, 0, 0, 0, 0, 0, 0, 0, 3, 0, 5, 0, 0, 0 ];"[ ""He"", ""was"", ""betrayed"", ""in"", ""1931"", ""and"", ""arrested"", ""by"", ""the"", ""Kuomintang"", ""in"", ""Tianjin"", ""in"", ""1931"", ""."" ]";;;
[ 0, 0, 0, 0, 5, 0 ];"[ ""It"", ""is"", ""found"", ""in"", ""Peru"", ""."" ]";;;
[ 1, 2, 0, 0 ];"[ ""Steve"", ""Hindalong"", ""-"", ""producer"" ]";;;
[ 1, 2, 0, 0, 0, 0, 0, 0, 0, 0 ];"[ ""Han"", ""Suyin"", ""gives"", ""a"", ""detailed"", ""account"", ""of"", ""their"", ""overthrow"", "":"" ]";;;
[ 1, 2, 2, 2, 0, 0, 0, 0, 0, 0, 0, 0, 0, 0, 0, 0, 0, 0, 0, 0, 0, 0, 0, 0, 0, 0, 0 ];"[ ""Bishop"", ""John"", ""J."", ""Kinney"", ""("", ""November"", ""9"", "","", ""1976"", ""-"", ""June"", ""28"", "","", ""1982"", "")"", ""appointed"", ""Bishop"", ""of"", ""Bismarck"", "","", ""Bishop"", ""of"", ""Saint"", ""Cloud"", ""("", ""1995"", "")"" ]";;;
[ 5, 6, 6, 6, 6, 6, 6 ];"[ ""Wilson"", "","", ""Eau"", ""Claire"", ""County"", "","", ""Wisconsin"" ]";;;
[0,0,3,4,4,0,0];"[ ""'"", ""''"", ""Sydney"", ""Theatre"", ""Company"", ""''"", ""'"" ]";;;
[ 0, 0, 0, 0, 0, 0, 0, 0, 0, 0, 0, 0, 0, 0, 0, 0, 0 ];"[ ""His"", ""first"", ""recording"", ""of"", ""the"", ""song"", ""was"", ""included"", ""on"", ""his"", ""2005"", ""album"", ""Time"", ""Well"", ""Wasted"", ""''"", ""."" ]";;;
[ 0, 0, 5, 0, 0, 0 ];"[ ""Goes"", ""to"", ""Jhansi"", ""("", ""JHS"", "")"" ]";;;
[ 0, 0, 3, 4, 0, 0, 0, 0, 0, 0, 3, 4, 4, 0 ];"[ ""**"", ""''"", ""Kashiwa"", ""Reysol"", ""''"", ""'"", ""3–2"", ""("", ""2–0"", "")"", ""Jeonbuk"", ""Hyundai"", ""Motors"", ""."" ]";;;
[ 0, 0, 0, 0, 5, 6, 6, 6, 0 ];"[ ""He"", ""was"", ""born"", ""in"", ""Merritt"", ""Island"", "","", ""Florida"", ""."" ]";;;
[ 5, 6, 6, 6, 6 ];"[ ""Roman"", ""Catholic"", ""Archdiocese"", ""of"", ""Edmonton"" ]";;;
[ 0, 0, 0, 0, 0, 0, 0, 0, 0, 0, 0, 0, 0, 0, 0, 0, 0, 0, 0, 0, 3, 4, 4, 0 ];"[ ""He"", ""scored"", ""the"", ""first"", ""two"", ""touchdowns"", ""of"", ""his"", ""career"", ""on"", ""September"", ""23"", "","", ""2007"", ""in"", ""a"", ""24–3"", ""win"", ""against"", ""the"", ""St."", ""Louis"", ""Rams"", ""."" ]";;;
[ 0, 0, 0, 0, 0, 0, 1, 2, 0, 0, 0, 0, 0, 3, 4, 4, 0, 0, 0, 0, 0, 0, 3, 4, 4, 4, 0, 0, 0, 0, 0 ];"[ ""It"", ""was"", ""founded"", ""in"", ""2013"", ""by"", ""Jean"", ""Colombera"", "","", ""a"", ""member"", ""of"", ""the"", ""Chamber"", ""of"", ""Deputies"", ""that"", ""had"", ""been"", ""elected"", ""for"", ""the"", ""Alternative"", ""Democratic"", ""Reform"", ""Party"", ""at"", ""the"", ""2009"", ""election"", ""."" ]";;;
[ 1, 2, 0, 0, 0, 1, 2, 0, 0, 0, 1, 2, 0, 0, 0, 1, 2, 2, 0, 0, 0 ];"[ ""Ashley"", ""Tappin"", ""("", ""55.47"", "")"", ""Erin"", ""Phenix"", ""("", ""56.12"", "")"", ""Courtney"", ""Shealy"", ""("", ""54.99"", "")"", ""Amy"", ""Van"", ""Dyken"", ""("", ""54.40"", "")"" ]";;;
[ 1, 2, 0, 1, 2 ];"[ ""Romy"", ""Kermer"", ""/"", ""Rolf"", ""Österreich"" ]";;;
[ 3, 4, 4, 0, 5 ];"[ ""Gates-Chili"", ""High"", ""School"", "","", ""Gates"" ]";;;
[ 1, 2, 0, 0, 0, 0 ];"[ ""Riki"", ""Lindhome"", ""("", ""5"", ""appearances"", "")"" ]";;;
[0,0,0,0,0,0,0];"[ ""Raindrops"", ""Keep"", ""Fallin"", ""'"", ""on"", ""My"", ""Head"" ]";;;
[ 0, 0, 0, 5, 6, 6, 6, 6, 6, 6, 0, 0, 0, 0, 0, 0, 0, 0, 5, 0 ];"[ ""He"", ""died"", ""in"", ""Hermanus"", "","", ""Western"", ""Cape"", "","", ""South"", ""Africa"", "","", ""aged"", ""68"", "","", ""and"", ""was"", ""buried"", ""in"", ""Israel"", ""."" ]";;;
[ 0, 0, 0, 0, 0, 0, 0, 0 ];"[ ""for"", ""the"", ""treatment"", ""of"", ""Type"", ""1"", ""Diabetes"", ""."" ]";;;
[ 0, 0, 0, 0, 0, 0, 5, 6, 0, 0, 0, 0, 3, 4, 4, 0 ];"[ ""He"", ""died"", ""at"", ""his"", ""home"", ""at"", ""Earls"", ""Court"", ""and"", ""was"", ""buried"", ""at"", ""West"", ""Norwood"", ""Cemetery"", ""."" ]";;;
[ 0, 0, 0, 0, 0, 0, 0, 0, 3, 4, 4, 0 ];"[ ""Both"", ""teams"", ""had"", ""the"", ""chance"", ""to"", ""play"", ""in"", ""Super"", ""Bowl"", ""XLIX"", ""."" ]";;;
[ 0, 0, 0, 0, 0, 3, 4, 4, 0 ];"[ ""Its"", ""closest"", ""competitor"", ""is"", ""the"", ""Encash"", ""Network"", ""Service"", ""."" ]";;;
[4,5,5,5,5,5,5,5,5,5,5,5];"[ ""Turning"", ""Stone"", ""Casino"", "","", ""Verona"", "","", ""New"", ""York"", "","", ""United"", ""States"" ]";;;
[5,6,6,6,6,6,6,6];"[ ""Crown"", "","", ""Monongalia"", ""County"", "","", ""West"", ""Virginia"" ]";;;
[122012201220122];"[ ""Tang"", ""Yik"", ""Chun"", "","", ""Lai"", ""Chun"", ""Ho"", "","", ""Ng"", ""Ka"", ""Fung"", "","", ""Tsui"", ""Chi"", ""Ho"" ]";;;
[0,0,0,0,1,0];"[ ""''"", ""1999"", ""''"", ""("", ""Prince"", "")"" ]";;;
[5,6,6];"[ ""Hay"", ""River"", ""Reserve"" ]";;;
[0,1,0,0,0,0];"[ ""''"", ""Heathcliff"", ""''"", ""("", ""1980"", "")"" ]";;;
[3,4,0,0,0];"[ ""Galician"", ""Academy"", ""("", ""private"", "")"" ]";;;
[0,0,0,0,0,0,0,0,0];"[ ""''"", ""Thysanoplusia"", ""orichalcea"", ""''"", ""("", ""Fabricius"", "","", ""1775"", "")"" ]";;;
[0,0,1,2,2,2,0];"[ ""He"", ""became"", ""George"", ""III"", ""'s"", ""Chaplain-in-Ordinary"", ""."" ]";;;
[1,2,0,0,0,0];"[ ""Mark"", ""King"", ""("", ""born"", ""1958"", "")"" ]";;;
[1,2,0,0,0,0,0,0];"[ ""Paul"", ""Tsongas"", ""-"", ""209"", ""("", ""4.98"", ""%"", "")"" ]";;;
[0,0,0];"[ ""''"", ""Papilio"", ""polyxenes"", ""''"" ]";;;
[0,0,0,0,1,0,0];"[ ""''"", ""Heliothis"", ""nubigera"", ""''"", ""Herrich-Schäffer"", "","", ""1851"" ]";;;
[0,0,1,0,1,2,0,0];"[ ""'"", ""''"", ""Andaman"", ""and"", ""Nicobar"", ""Islands"", ""''"", ""'"" ]";;;
[5,6,6,6];"[ ""Glasston"", "","", ""North"", ""Dakota"" ]";;;
[5,6,6];"[ ""St."", ""Martin"", ""River"" ]";;;
[0,0,0,0,0,0,0,0,0,0,0,0,0,0,0,0,0,1,0,1,2,0,1,2,0,0];"[ ""The"", ""album"", ""reached"", ""number"", ""one"", ""halfway"", ""through"", ""its"", ""first"", ""week"", "","", ""with"", ""over"", ""2,500"", ""copies"", ""sold"", ""("", ""rivalling"", ""Adele"", "","", ""Bruno"", ""Mars"", ""and"", ""Ed"", ""Sheeran"", "")"", ""."" ]";;;
[0,0,0,0,0,0,0];"[ ""Winx"", ""Club"", ""''"", ""("", ""2005–08"", "")"" ]";;;
[0,0,5,6,0,0,0,0,0,0,0,0,0,0,0,0,0,0,0,0];"[ ""Organized"", ""at"", ""Fort"", ""Craig"", "","", ""it"", ""was"", ""mustered"", ""on"", ""23"", ""November"", ""1861"", ""and"", ""served"", ""until"", ""28"", ""February"", ""1862"", ""."" ]";;;
[1,2,0,1,2];"[ ""Rudy"", ""Wurlitzer"", ""as"", ""Tom"", ""O'Folliard"" ]";;;
[1,2,0,1,2,2,0,1,2,0,1,2,0,1,2,0,1,2,0,1,2,2,0,1,2,0,1,2,0,1,2,2,0,1,2,0,1,2,0,1,2,2,0,1,2,0,1,2,0,1,2,2,0,1,2,0,1,2,0,1,2,0,1,2,0,1,2,2,0,1,2,0,,1,2,2,0,1,2,0,1,2,0,1,1,2,0,1,2,0,1,2,2,0,1,2,0,1,2,0,1,2,0,1,2,0,1,2,0,1,2,0,1,2,2,0,1,2,0,1,2,0,1,2,0,1,2,0,1,2,0,1,2];"[ ""Conrad"", ""Aiken"", ""-"", ""W."", ""H."", ""Auden"", ""-"", ""George"", ""Barker"", ""-"", ""John"", ""Berryman"", ""-"", ""Robert"", ""Bly"", ""-"", ""Hart"", ""Crane"", ""-"", ""E."", ""E."", ""Cummings"", ""-"", ""Donald"", ""Davie"", ""-"", ""James"", ""Dickey"", ""-"", ""H."", ""D"", ""."", ""-"", ""Keith"", ""Douglas"", ""-"", ""Richard"", ""Eberhart"", ""-"", ""T."", ""S."", ""Eliot"", ""-"", ""William"", ""Empson"", ""-"", ""David"", ""Gascoyne"", ""-"", ""W."", ""S."", ""Graham"", ""-"", ""Robert"", ""Graves"", ""-"", ""Thom"", ""Gunn"", ""-"", ""John"", ""Heath-Stubbs"", ""-"", ""Geoffrey"", ""Hill"", ""-"", ""Gerard"", ""Manley"", ""Hopkins"", ""-"", ""Ted"", ""Hughes"", ""-"", ""T."", ""E."", ""Hulme"", ""-"", ""David"", ""Jones"", ""-"", ""Philip"", ""Larkin"", ""-"", ""D."", ""H."", ""Lawrence"", ""-"", ""Denise"", ""Levertov"", ""-"", ""C."", ""Day"", ""Lewis"", ""-"", ""Robert"", ""Lowell"", ""-"", ""Norman"", ""MacCaig"", ""-"", ""Hugh"", ""MacDiarmid"", ""-"", ""Louis"", ""MacNeice"", ""-"", ""Charles"", ""Madge"", ""-"", ""W."", ""S."", ""Merwin"", ""-"", ""Christopher"", ""Middleton"", ""-"", ""Harold"", ""Monro"", ""-"", ""Marianne"", ""Moore"", ""-"", ""Edwin"", ""Muir"", ""-"", ""Howard"", ""Nemerov"", ""-"", ""Charles"", ""Olson"", ""-"", ""Wilfred"", ""Owen"", ""-"", ""Sylvia"", ""Plath"", ""-"", ""Ezra"", ""Pound"", ""-"", ""F."", ""T."", ""Prince"", ""-"", ""Kathleen"", ""Raine"", ""-"", ""John"", ""Crowe"", ""Ransom"", ""-"", ""Herbert"", ""Read"", ""-"", ""Laura"", ""Riding"", ""-"", ""Anne"", ""Ridler"", ""-"", ""Michael"", ""Roberts"", ""-"", ""Theodore"", ""Roethke"", ""-"", ""Isaac"", ""Rosenberg"", ""-"", ""Louis"", ""Simpson"", ""-"", ""Edith"", ""Sitwell"", ""-"", ""W."", ""D."", ""Snodgrass"", ""-"", ""Stephen"", ""Spender"", ""-"", ""Wallace"", ""Stevens"", ""-"", ""Allen"", ""Tate"", ""-"", ""Dylan"", ""Thomas"", ""-"", ""R."", ""S."", ""Thomas"", ""-"", ""Charles"", ""Tomlinson"", ""-"", ""Vernon"", ""Watkins"", ""-"", ""Richard"", ""Wilbur"", ""-"", ""William"", ""Carlos"", ""Williams"", ""-"", ""James"", ""Wright"", ""-"", ""W."", ""B."", ""Yeats"" ]";;;
[5,6,6,6,6,6,6,6,6,0,0,0,0];"[ ""*Seated"", ""figure"", ""of"", ""Sir"", ""Walter"", ""Scott"", ""for"", ""Powderham"", ""Castle"", ""("", ""1832"", "")"" ]";;;
[5,6,6,6,6];"[ ""Sandy"", ""Ridge"", "","", ""North"", ""Carolina"" ]";;;
[1,2,0,0,0,0];"[ ""Ashok"", ""Kumar"", ""("", ""Telugu"", ""actor"", "")"" ]";;;
[1,2,3,0,3,4,0,0,0];"[ ""Thomas"", ""Gabriel"", ""Fischer"", ""leaves"", ""Celtic"", ""Frost"", ""in"", ""April"", ""."" ]";;;
[0,0,0,0,0,0,0,0,0] ;"[ ""''"", ""Can"", ""You"", ""Teach"", ""My"", ""Alligator"", ""Manners"", ""?"", ""''"" ]";;;
[1,2,0,0,0,0,0,0];"[ ""Otto"", ""Geßler"", ""("", ""Acting"", "")"", ""("", ""1875–1955"", "")"" ]";;;
[0,0,3,4];"[ "":"", ""On"", ""Lifetime"", ""Channel"" ]";;;
[3,0,0,3,4,4,0];"[ ""RCI"", ""367"", ""("", ""Radio"", ""Canada"", ""International"", "")"" ]";;;
[1,2,2,0,0,0,0,0,0];"[ ""Sir"", ""Robert"", ""Robinson"", "","", ""from"", ""1930"", ""to"", ""1954"", ""."" ]";;;
[1,2,2,2,0];"[ ""Hutton"", "","", ""Frederick"", ""Wollaston"", ""."" ]";;;
[0,0,0,0];"[ ""''"", ""Macrobathra"", ""monoclina"", ""''"" ]";;;
[0,0,0,0,0,0,0,0,3,4,4,4,4,0,0,0,0,0,0,0,3,4,4,0,0];"[ ""He"", ""one"", ""of"", ""eleven"", ""founding"", ""members"", ""of"", ""the"", ""American"", ""Society"", ""of"", ""Landscape"", ""Architects"", ""in"", ""1899"", ""and"", ""was"", ""active"", ""in"", ""the"", ""City"", ""Beautiful"", ""Movement"", ""''"", ""."" ]";;;
[1,2,0,0,0,0,0,0,0,0,0,0,0,0,1,2,0];"[ ""Alberto"", ""Mancini"", ""won"", ""in"", ""the"", ""final"", ""7–5"", "","", ""2–6"", "","", ""7–6"", "","", ""7–5"", ""against"", ""Boris"", ""Becker"", ""."" ]";;;
[0,0,0,0];"[ ""''"", ""Congoharpax"", ""aberrans"", ""''"" ]";;;
[3,4,4,4];"[ ""Kaohsiung"", ""Museum"", ""of"", ""Labor"" ]";;;
[1,2,2,2,2,2,0,0,0,0,0,0,0,0];"[ ""Benigno"", ""S."", ""Aquino"", "","", ""Jr"", ""."", "","", ""August"", ""21"", "","", ""2004"", ""("", ""posthumous"", "")"" ]";;;
[1,2,0,0,0];"[ ""Lina"", ""Carstens"", ""("", ""1892–1978"", "")"" ]";;;
[0,0,0,0,0,3,4,0,0,0,0,0,0,0,0,0,0,0,0,0,0,0,0];"[ ""**On"", ""June"", ""26"", ""against"", ""the"", ""Chicago"", ""Cubs"", "","", ""he"", ""got"", ""his"", ""2000th"", ""career"", ""hit"", ""with"", ""a"", ""home"", ""run"", ""in"", ""the"", ""second"", ""inning"", ""."" ]";;;
[3,4,4,4,4,4];"[ ""Shahid"", ""Beheshti"", ""University"", ""of"", ""Medical"", ""Sciences"" ]";;;
[1,2,0,0,0];"[ ""Carmelita"", ""Tropicana"", ""-"", ""Performance"", ""artist"" ]";;;
[3,4,4];"[ ""University"", ""of"", ""Giessen"" ]";;;
[1,2,0,0,0];"[ ""Bradley"", ""Beal"", ""("", ""34"", "")"" ]";;;
[3,4,4,0,5,6,0,5,0,5,0,5,6,0,0,0,0,0,0,0,3,4,0];"[ ""Five"", ""Borders"", ""shops"", ""in"", ""Oxford"", ""Street"", "","", ""Llantrisant"", "","", ""Blanchardstown"", "","", ""Swindon"", ""and"", ""London"", ""Colney"", ""were"", ""closed"", ""in"", ""July"", ""2009"", ""and"", ""replaced"", ""by"", ""New"", ""Look"", ""."" ]";;;
[1,2,2,2,2,2,2,2,2,0,0,0,00,0,0,0,0];"[ ""Lord"", ""Zetland"", "","", ""the"", ""Secretary"", ""of"", ""State"", ""for"", ""India"", "","", ""was"", ""presiding"", ""over"", ""the"", ""meeting"", ""and"", ""was"", ""wounded"", ""."" ]";;;
[0,0,0,0] ;"[ ""Night"", ""At"", ""The"", ""Museum"" ]";;;
[0,0,0,0,0,0];"[ ""Vepris"", ""trifoliolata"", ""''"", ""("", ""Engl"", ""."" ]";;;
[0,0,0,0,0,0,0,3] ;"[ ""**"", ""``"", ""Back"", ""for"", ""More"", ""''"", ""–"", ""Sandwich"" ]";;;
[0,0,0,0,0,0,0,0,0];"[ ""Crested"", ""caracara"", "","", ""''Caracara"", ""cheriway"", ""''"", ""("", ""A"", "")"" ]";;;
[0,0,0,1,2,2,0,0,0,0,0,0];"[ ""8"", ""July"", ""—"", ""Annie"", ""Shepherd"", ""Swan"", "","", ""writer"", ""("", ""died"", ""1943"", "")"" ]";;;
[1,0,1,2];"[ ""Vandino"", ""and"", ""Ugolino"", ""Vivaldi"" ]";;;
[0,0,0,0];"[ ""Inhaler"", ""("", ""album"", "")"" ]";;;
[0,0,0,0,0,0,0];"[ ""''"", ""Autosticha"", ""pelodes"", ""''"", ""Meyrick"", "","", ""1928"" ]";;;
[0,0,0,0];"[ ""Cities"", ""Built"", ""on"", ""Sand"" ]";[ 0, 5, 6, 0, 0, 0, 0 ];"[ ""en"", ""en"", ""en"", ""en"", ""en"", ""en"", ""en"" ]";"[ ""LOC: Autosticha pelodes"" ]"
[0,0,0,0,0,3,4,4,0,0,0,0,3,4,0];"[ ""It"", ""was"", ""originally"", ""recorded"", ""by"", ""The"", ""Great"", ""Society"", "","", ""and"", ""later"", ""by"", ""Jefferson"", ""Airplane"", ""."" ]";[ 5, 6, 6, 6 ];"[ ""en"", ""en"", ""en"", ""en"" ]";"[ ""LOC: Cities Built on Sand"" ]"
[1,2,2,0];"[ ""H."", ""T."", ""Bartlett"", ""1947–1949"" ]";[ 0, 0, 0, 0, 0, 3, 4, 4, 0, 0, 0, 0, 3, 4, 0 ];"[ ""en"", ""en"", ""en"", ""en"", ""en"", ""en"", ""en"", ""en"", ""en"", ""en"", ""en"", ""en"", ""en"", ""en"", ""en"" ]";"[ ""ORG: The Great Society"", ""ORG: Jefferson Airplane"" ]"
[0,0,5,0];"[ ""'"", ""''"", ""Mittani"", ""''"", ""'"" ]";[ 1, 2, 2, 0 ];"[ ""en"", ""en"", ""en"", ""en"" ]";"[ ""PER: H. T. Bartlett"" ]"
[0,0,0,0,0,0,5,6,6,0,5];"[ ""Its"", ""local"", ""government"", ""area"", ""are"", ""the"", ""Cities"", ""of"", ""Boroondara"", ""and"", ""Stonnington"", ""."" ]";[ 0, 0, 3, 0, 0 ];"[ ""en"", ""en"", ""en"", ""en"", ""en"" ]";"[ ""ORG: Mittani"" ]"
[1,2,2];"[ ""Martín"", ""de"", ""Ursúa"" ]";[ 0, 3, 4, 4, 0, 0, 0, 0, 5, 0, 5, 0 ];"[ ""en"", ""en"", ""en"", ""en"", ""en"", ""en"", ""en"", ""en"", ""en"", ""en"", ""en"", ""en"" ]";"[ ""ORG: local government area"", ""LOC: Boroondara"", ""LOC: Stonnington"" ]"
[5,0,5,0,5,0,5];"[ ""Zawadzkie"", "","", ""Kolonowskie"", "","", ""Leśnica"", "","", ""Ujazd"" ]";[ 1, 2, 2 ];"[ ""en"", ""en"", ""en"" ]";"[ ""PER: Martín de Ursúa"" ]"
[5,6,6,6,6];"[ ""Orange"", "","", ""New"", ""South"", ""Wales"" ]";[ 5, 0, 5, 0, 5, 0, 5 ];"[ ""en"", ""en"", ""en"", ""en"", ""en"", ""en"", ""en"" ]";"[ ""LOC: Zawadzkie"", ""LOC: Kolonowskie"", ""LOC: Leśnica"", ""LOC: Ujazd"" ]"
[5,6,6,6,6,6,6];"[ ""Göttingen"", ""State"", ""and"", ""University"", ""Library"", "","", ""Göttingen"" ]";[ 5, 6, 6, 6, 6 ];"[ ""en"", ""en"", ""en"", ""en"", ""en"" ]";"[ ""LOC: Orange , New South Wales"" ]"
[0,5,0];"[ ""'"", ""''"", ""Uganda"", ""''"", ""'"" ]";[ 3, 4, 4, 4, 4, 0, 5 ];"[ ""en"", ""en"", ""en"", ""en"", ""en"", ""en"", ""en"" ]";"[ ""ORG: Göttingen State and University Library"", ""LOC: Göttingen"" ]"
[0,0,0];"[ ""Dwarf"", ""flying"", ""fox"" ]";[ 0, 0, 5, 0, 0 ];"[ ""en"", ""en"", ""en"", ""en"", ""en"" ]";"[ ""LOC: Uganda"" ]"
[0,0,0,0,0,3,4,0,0,0,0,0,5];"[ ""In"", ""1989"", "","", ""he"", ""joined"", ""Rapho"", ""agency"", ""and"", ""spent"", ""one"", ""year"", ""in"", ""Egypt"", ""."" ]";[ 5, 6, 6 ];"[ ""en"", ""en"", ""en"" ]";"[ ""LOC: Dwarf flying fox"" ]"
[1,2,2,0,0,0,0,0];"[ ""Ruth"", ""Bryan"", ""Owen"", ""was"", ""also"", ""a"", ""granddaughter"", ""."" ]";[ 0, 0, 0, 0, 0, 3, 4, 0, 0, 0, 0, 0, 5, 0 ];"[ ""en"", ""en"", ""en"", ""en"", ""en"", ""en"", ""en"", ""en"", ""en"", ""en"", ""en"", ""en"", ""en"", ""en"" ]";"[ ""ORG: Rapho agency"", ""LOC: Egypt"" ]"
[3,4,4,0];"[ ""Skegness"", ""Town"", ""A.F.C"", ""."" ]";[ 1, 2, 2, 0, 0, 0, 0, 0 ];"[ ""en"", ""en"", ""en"", ""en"", ""en"", ""en"", ""en"", ""en"" ]";"[ ""PER: Ruth Bryan Owen"" ]"
[0,0,0,0,0,0,0,0];"[ ""Horisme"", ""aquata"", ""''"", ""("", ""Hübner"", "","", ""1813"", "")"" ]";[ 3, 4, 4, 4 ];"[ ""en"", ""en"", ""en"", ""en"" ]";"[ ""ORG: Skegness Town A.F.C ."" ]"
[0,0,1,2,0] ;"[ ""The"", ""Young"", ""Indiana"", ""Jones"", ""Chronicles"", ""''"" ]";[ 5, 6, 0, 0, 0, 0, 0, 0 ];"[ ""en"", ""en"", ""en"", ""en"", ""en"", ""en"", ""en"", ""en"" ]";"[ ""LOC: Horisme aquata"" ]"
[1,2,1,2,1,2,1,2];"[ ""Matthias"", ""Bachinger"", ""Ričardas"", ""Berankis"", ""Niels"", ""Desein"", ""Pere"", ""Riba"" ]";[ 1, 2, 2, 2, 2, 0 ];"[ ""en"", ""en"", ""en"", ""en"", ""en"", ""en"" ]";"[ ""PER: The Young Indiana Jones Chronicles"" ]"
[5,6,6,6,6,6] ;"[ ""Little"", ""River"", ""("", ""Cariboo"", ""River"", "")"" ]";[ 1, 2, 1, 2, 1, 2, 1, 2 ];"[ ""en"", ""en"", ""en"", ""en"", ""en"", ""en"", ""en"", ""en"" ]";"[ ""PER: Matthias Bachinger"", ""PER: Ričardas Berankis"", ""PER: Niels Desein"", ""PER: Pere Riba"" ]"
[5,0,5,0,5,0,5];"[ ""Grangettes"", "","", ""Marsens"", "","", ""Sâles"", "","", ""Riaz"" ]";[ 5, 6, 6, 6, 6, 6 ];"[ ""en"", ""en"", ""en"", ""en"", ""en"", ""en"" ]";"[ ""LOC: Little River ( Cariboo River )"" ]"
[0,0,0,0,0,0,0,0];"[ ""The"", ""Little"", ""Mermaid"", ""2"", "":"", ""Return"", ""to"", ""the"", ""Sea"", ""''"" ]";[ 5, 0, 5, 0, 5, 0, 5 ];"[ ""en"", ""en"", ""en"", ""en"", ""en"", ""en"", ""en"" ]";"[ ""LOC: Grangettes"", ""LOC: Marsens"", ""LOC: Sâles"", ""LOC: Riaz"" ]"
[0,1,2,0,0,];"[ "":"", ""Ross"", ""Dowson"", ""-"", ""4,539"" ]";[ 3, 4, 4, 4, 4, 4, 4, 4, 4, 0 ];"[ ""en"", ""en"", ""en"", ""en"", ""en"", ""en"", ""en"", ""en"", ""en"", ""en"" ]";"[ ""ORG: The Little Mermaid 2 : Return to the Sea"" ]"
[0,0,0,0,0,0,3,4,4];"[ ""``"", ""Dead"", ""on"", ""Arrival"", ""''"", ""-"", ""Fall"", ""Out"", ""Boy"" ]";[ 0, 1, 2, 0, 0 ];"[ ""en"", ""en"", ""en"", ""en"", ""en"" ]";"[ ""PER: Ross Dowson"" ]"
[0,0,0];"[ ""Lists"", ""of"", ""violinists"" ]";[ 0, 3, 4, 4, 0, 0, 3, 4, 4 ];"[ ""en"", ""en"", ""en"", ""en"", ""en"", ""en"", ""en"", ""en"", ""en"" ]";"[ ""ORG: Dead on Arrival"", ""ORG: Fall Out Boy"" ]"
[3,0,0,0,0] ;"[ ""SPÖ"", ""("", ""'Labour"", ""'"", "")"" ]";[ 1, 2, 2 ];"[ ""en"", ""en"", ""en"" ]";"[ ""PER: Lists of violinists"" ]"
[0,0,1,2,0,];"[ ""'"", ""''"", ""Trisha"", ""Chetty"", ""''"", ""'"" ]";[ 3, 0, 0, 0, 0 ];"[ ""en"", ""en"", ""en"", ""en"", ""en"" ]";"[ ""ORG: SPÖ"" ]"
[1,2,0,0,0];"[ ""Harry"", ""Gordon"", ""("", ""disambiguation"", "")"" ]";[ 0, 0, 1, 2, 0, 0 ];"[ ""en"", ""en"", ""en"", ""en"", ""en"", ""en"" ]";"[ ""PER: Trisha Chetty"" ]"
[3,4,4,0,0,0];"[ ""Axtell"", ""High"", ""School"", ""("", ""disambiguation"", "")"" ]";[ 3, 4, 4, 4, 4 ];"[ ""en"", ""en"", ""en"", ""en"", ""en"" ]";"[ ""ORG: Harry Gordon ( disambiguation )"" ]"
[5,6,6,6,6,6] ;"[ ""St."", ""Louis"", ""Wrestling"", ""Hall"", ""of"", ""Fame"" ]";[ 3, 4, 4, 4, 4, 4 ];"[ ""en"", ""en"", ""en"", ""en"", ""en"", ""en"" ]";"[ ""ORG: Axtell High School ( disambiguation )"" ]"
[5,6,6,6,6] ;"[ ""Cultural"", ""heritage"", ""sites"", ""in"", ""FATA"" ]";[ 3, 4, 4, 4, 4, 4 ];"[ ""en"", ""en"", ""en"", ""en"", ""en"", ""en"" ]";"[ ""ORG: St. Louis Wrestling Hall of Fame"" ]"
[3,4,4,4,4,4,4,4,] ;"[ ""William"", ""Joseph"", ""McInnes"", ""Botanic"", ""Garden"", ""and"", ""Campus"", ""Arboretum"" ]";[ 5, 6, 6, 6, 6 ];"[ ""en"", ""en"", ""en"", ""en"", ""en"" ]";"[ ""LOC: Cultural heritage sites in FATA"" ]"
[0,0,0,0,0,0,0,0,0,0,0,0,0,0];"[ ""1st"", ""King"", ""'s"", ""Dragoon"", ""Guards"", ""''"", ""("", ""from"", ""26"", ""February"", ""until"", ""22"", ""March"", ""1941"", "")"", ""''"" ]";[ 5, 6, 6, 6, 6, 6, 6, 6 ];"[ ""en"", ""en"", ""en"", ""en"", ""en"", ""en"", ""en"", ""en"" ]";"[ ""LOC: William Joseph McInnes Botanic Garden and Campus Arboretum"" ]"
[0,1,2,0,1,0,0,0,0,1,2,0,0];"[ ""**"", ""Wang"", ""Zhaozuo"", ""("", ""王昭祚"", "")"", ""("", ""killed"", ""by"", ""Zhang"", ""Wenli"", ""921"", "")"" ]";[ 3, 4, 4, 4, 4, 0, 0, 0, 0, 0, 0, 0, 0, 0, 0, 0 ];"[ ""en"", ""en"", ""en"", ""en"", ""en"", ""en"", ""en"", ""en"", ""en"", ""en"", ""en"", ""en"", ""en"", ""en"", ""en"", ""en"" ]";"[ ""ORG: 1st King 's Dragoon Guards"" ]"
[1,2,2,2,2,0,0,0,0];"[ ""George"", "","", ""Duke"", ""of"", ""Saxony"", "","", ""1471"", ""–"", ""1539"" ]";[ 0, 1, 2, 0, 0, 0, 0, 0, 0, 1, 2, 0, 0 ];"[ ""en"", ""en"", ""en"", ""en"", ""en"", ""en"", ""en"", ""en"", ""en"", ""en"", ""en"", ""en"", ""en"" ]";"[ ""PER: Wang Zhaozuo"", ""PER: Zhang Wenli"" ]"
[1,2,2];"[ ""Borough"", ""of"", ""Bedford"" ]";[ 1, 2, 2, 2, 2, 0, 0, 0, 0 ];"[ ""en"", ""en"", ""en"", ""en"", ""en"", ""en"", ""en"", ""en"", ""en"" ]";"[ ""PER: George , Duke of Saxony"" ]"
[1,2,2,0,0,0];"[ ""Feliks"", ""Kazimierz"", ""Potocki"", ""("", ""1682"", "")"" ]";[ 5, 6, 6 ];"[ ""en"", ""en"", ""en"" ]";"[ ""LOC: Borough of Bedford"" ]"
[1,2,0,0,0];"[ ""Imre"", ""Nagy"", ""("", ""1896–1958"", "")"" ]";[ 1, 2, 2, 0, 0, 0 ];"[ ""en"", ""en"", ""en"", ""en"", ""en"", ""en"" ]";"[ ""PER: Feliks Kazimierz Potocki"" ]"
[0,0,0,3,4];"[ ""Trawlers"", ""of"", ""the"", ""Royal"", ""Navy"" ]";[ 1, 2, 0, 0, 0 ];"[ ""en"", ""en"", ""en"", ""en"", ""en"" ]";"[ ""PER: Imre Nagy"" ]"
[1,2,0,0,0,0,0,0,0,0,0];"[ ""James"", ""Scullin"", ""("", ""22"", ""October"", ""1929"", ""–"", ""6"", ""January"", ""1932"", "")"" ]";[ 1, 2, 2, 2, 2 ];"[ ""en"", ""en"", ""en"", ""en"", ""en"" ]";"[ ""PER: Trawlers of the Royal Navy"" ]"
[0,0,0,0,0,0,0,0,0,0];"[ ""Macaria"", ""granitata"", ""''"", ""–"", ""Guenée"", "","", ""1857"", ""-"", ""Granite"", ""Moth"" ]";[ 1, 2, 0, 0, 0, 0, 0, 0, 0, 0, 0 ];"[ ""en"", ""en"", ""en"", ""en"", ""en"", ""en"", ""en"", ""en"", ""en"", ""en"", ""en"" ]";"[ ""PER: James Scullin"" ]"
[0,0,0,0,0,0,0];"[ ""''"", ""Pyrausta"", ""virginalis"", ""''"", ""Duponchel"", "","", ""1832"" ]";[ 5, 6, 0, 0, 1, 0, 0, 0, 3, 4 ];"[ ""en"", ""en"", ""en"", ""en"", ""en"", ""en"", ""en"", ""en"", ""en"", ""en"" ]";"[ ""LOC: Macaria granitata"", ""PER: Guenée"", ""ORG: Granite Moth"" ]"
[5,6,6,6,6,6,6];"[ ""Colebrookdale"", ""Township"", "","", ""Berks"", ""County"", "","", ""Pennsylvania"" ]";[ 0, 5, 6, 0, 0, 0, 0 ];"[ ""en"", ""en"", ""en"", ""en"", ""en"", ""en"", ""en"" ]";"[ ""LOC: Pyrausta virginalis"" ]"
[1,2,2];"[ ""Matthew"", ""Farhang"", ""Mohtadi"" ]";[ 5, 6, 6, 6, 6, 6, 6 ];"[ ""en"", ""en"", ""en"", ""en"", ""en"", ""en"", ""en"" ]";"[ ""LOC: Colebrookdale Township , Berks County , Pennsylvania"" ]"
[3,4,4,4,0,0,0,0,0,0,0,0];"[ ""911th"", ""Air"", ""Refueling"", ""Squadron"", "":"", ""30"", ""September"", ""1982"", ""–"", ""22"", ""April"", ""1991"" ]";[ 1, 2, 2 ];"[ ""en"", ""en"", ""en"" ]";"[ ""PER: Matthew Farhang Mohtadi"" ]"
[5,6,6,6,6,6,6] ;"[ ""Communes"", ""of"", ""the"", ""Territoire"", ""de"", ""Belfort"", ""department"" ]";[ 3, 4, 4, 4, 0, 0, 0, 0, 0, 0, 0, 0 ];"[ ""en"", ""en"", ""en"", ""en"", ""en"", ""en"", ""en"", ""en"", ""en"", ""en"", ""en"", ""en"" ]";"[ ""ORG: 911th Air Refueling Squadron"" ]"
[1,2,2,2];"[ ""Francisco"", ""Espoz"", ""y"", ""Mina"" ]";[ 5, 6, 6, 6, 6, 6, 6 ];"[ ""en"", ""en"", ""en"", ""en"", ""en"", ""en"", ""en"" ]";"[ ""LOC: Communes of the Territoire de Belfort department"" ]"
[0,0,3,4,4,0] ;"[ ""'"", ""''"", ""Crazy"", ""Love"", ""Tour"", ""''"", ""'"" ]";[ 1, 2, 2, 2 ];"[ ""en"", ""en"", ""en"", ""en"" ]";"[ ""PER: Francisco Espoz y Mina"" ]"
[0,0,0,0,0];"[ "":"", ""Chief"", ""Justice"", ""of"", ""Nepal"" ]";[ 0, 0, 3, 4, 4, 0, 0 ];"[ ""en"", ""en"", ""en"", ""en"", ""en"", ""en"", ""en"" ]";"[ ""ORG: Crazy Love Tour"" ]"
[0,3,4,0,0,0,0];"[ "":"", ""Big"", ""FM"", ""("", ""7.74"", ""%"", "")"" ]";[ 0, 3, 4, 4, 4 ];"[ ""en"", ""en"", ""en"", ""en"", ""en"" ]";"[ ""ORG: Chief Justice of Nepal"" ]"
[0,0,0,03,4,4,0];"[ ""It"", ""is"", ""from"", ""the"", ""Pathanamthitta"", ""district"", ""headquarters"", ""."" ]";[ 0, 3, 4, 0, 0, 0, 0 ];"[ ""en"", ""en"", ""en"", ""en"", ""en"", ""en"", ""en"" ]";"[ ""ORG: Big FM"" ]"
[0,1,2,0,0,0];"[ ""13"", ""Kevin"", ""Riley"", ""-"", ""''Freshman"", ""''"" ]";[ 0, 0, 0, 0, 5, 6, 0, 0 ];"[ ""en"", ""en"", ""en"", ""en"", ""en"", ""en"", ""en"", ""en"" ]";"[ ""LOC: Pathanamthitta district"" ]"
[0,0,0,0,1,2,0];"[ ""Its"", ""headquarters"", ""are"", ""in"", ""Guatemala"", ""City"", ""."" ]";[ 0, 3, 4, 0, 0, 0 ];"[ ""en"", ""en"", ""en"", ""en"", ""en"", ""en"" ]";"[ ""ORG: Kevin Riley"" ]"
[0,0,0,0,0,0,0,0,0];"[ ""Rumba]]"", ""/"", ""``"", ""Waiting"", ""on"", ""the"", ""World"", ""to"", ""Change"", ""''"" ]";[ 0, 0, 0, 0, 5, 6, 0 ];"[ ""en"", ""en"", ""en"", ""en"", ""en"", ""en"", ""en"" ]";"[ ""LOC: Guatemala City"" ]"
[0,0,0,0,1,2,0,1,2,0,0];"[ ""She"", ""later"", ""slept"", ""with"", ""Charlotte"", ""Lau"", ""("", ""Amy"", ""Yamazaki"", "")"", ""."" ]";[ 0, 0, 0, 3, 4, 4, 4, 4, 4, 0 ];"[ ""en"", ""en"", ""en"", ""en"", ""en"", ""en"", ""en"", ""en"", ""en"", ""en"" ]";"[ ""ORG: Waiting on the World to Change"" ]"
[3,4,4,0,5,6,6];"[ ""Armani"", ""Jeans"", ""Milano"", ""68–72"", ""Khimki"", ""Moscow"", ""Region"" ]";[ 0, 0, 0, 0, 1, 2, 0, 1, 2, 0, 0 ];"[ ""en"", ""en"", ""en"", ""en"", ""en"", ""en"", ""en"", ""en"", ""en"", ""en"", ""en"" ]";"[ ""PER: Charlotte Lau"", ""PER: Amy Yamazaki"" ]"
[0,0,1,2,0];"[ ""("", ""with"", ""Daniel"", ""Ryan"", "")"" ]";[ 3, 4, 4, 0, 3, 4, 4 ];"[ ""en"", ""en"", ""en"", ""en"", ""en"", ""en"", ""en"" ]";"[ ""ORG: Armani Jeans Milano"", ""ORG: Khimki Moscow Region"" ]"
[1,2,2];"[ ""Sara"", ""C."", ""Bisel"" ]";[ 0, 0, 1, 2, 0 ];"[ ""en"", ""en"", ""en"", ""en"", ""en"" ]";"[ ""PER: Daniel Ryan"" ]"
[0,0,0,0,0,0,0,0,0,0,0,0,0,0];"[ ""She"", ""was"", ""launched"", ""in"", ""1936"", ""and"", ""was"", ""sunk"", ""during"", ""the"", ""Second"", ""World"", ""War"", ""."" ]";[ 1, 2, 2 ];"[ ""en"", ""en"", ""en"" ]";"[ ""PER: Sara C. Bisel"" ]"
[1,2,2];"[ ""William"", ""B."", ""Buffum"" ]";[ 0, 0, 0, 0, 0, 0, 0, 0, 0, 0, 3, 4, 4, 0 ];"[ ""en"", ""en"", ""en"", ""en"", ""en"", ""en"", ""en"", ""en"", ""en"", ""en"", ""en"", ""en"", ""en"", ""en"" ]";"[ ""ORG: Second World War"" ]"
[0,0,0,0,0];"[ ""''"", ""Daddy"", ""at"", ""Home"", ""''"", ""企鹅爸爸"" ]";[ 1, 2, 2 ];"[ ""en"", ""en"", ""en"" ]";"[ ""PER: William B. Buffum"" ]"
[0,0,0,0,0,0,3,4,4,4,0,0,0,0,0,0,0,0,0,0,0,0,0,03,4,4,0,0];"[ ""He"", ""was"", ""a"", ""member"", ""of"", ""the"", ""Maine"", ""House"", ""of"", ""Representatives"", ""in"", ""1862"", "","", ""1864"", "","", ""1866"", ""and"", ""1872"", ""and"", ""was"", ""a"", ""delegate"", ""to"", ""the"", ""Republican"", ""National"", ""Convention"", ""in"", ""1864"", ""."" ]";[ 0, 3, 4, 4, 0, 0 ];"[ ""en"", ""en"", ""en"", ""en"", ""en"", ""en"" ]";"[ ""ORG: Daddy at Home"" ]"
[0,0,0,5,0];"[ ""20px"", ""'"", ""''"", ""Starachowice"", ""''"", ""'"" ]";[ 0, 0, 0, 0, 0, 0, 3, 4, 4, 4, 0, 0, 0, 0, 0, 0, 0, 0, 0, 0, 0, 0, 0, 0, 3, 4, 4, 0, 0, 0 ];"[ ""en"", ""en"", ""en"", ""en"", ""en"", ""en"", ""en"", ""en"", ""en"", ""en"", ""en"", ""en"", ""en"", ""en"", ""en"", ""en"", ""en"", ""en"", ""en"", ""en"", ""en"", ""en"", ""en"", ""en"", ""en"", ""en"", ""en"", ""en"", ""en"", ""en"" ]";"[ ""ORG: Maine House of Representatives"", ""ORG: Republican National Convention"" ]"
[1,2,2,0,1];"[ ""Szema"", ""Wah"", ""Lung"", ""as"", ""Baijun"" ]";[ 0, 0, 0, 5, 0, 0 ];"[ ""en"", ""en"", ""en"", ""en"", ""en"", ""en"" ]";"[ ""LOC: Starachowice"" ]"
[0,1,2,0,0,0,0,0];"[ "":"", ""Paul"", ""Nicholson"", ""''"", ""("", ""Third"", ""round"", "")"" ]";[ 1, 2, 2, 0, 0 ];"[ ""en"", ""en"", ""en"", ""en"", ""en"" ]";"[ ""PER: Szema Wah Lung"" ]"
[0,0,0,0,0,0,0,0,0,0,0,0,0,3];"[ ""``"", ""I"", ""Want"", ""More"", ""''"", ""("", ""Can"", ""song"", "")"", "","", ""a"", ""1976"", ""song"", ""by"", ""Can"" ]";[ 0, 1, 2, 0, 0, 0, 0, 0 ];"[ ""en"", ""en"", ""en"", ""en"", ""en"", ""en"", ""en"", ""en"" ]";"[ ""PER: Paul Nicholson"" ]"
[0,0,0,5,0,5,6,0,5,0,0,0,0,0,0,0,0,0,0];"[ ""It"", ""originated"", ""in"", ""Jamaica"", "","", ""North"", ""America"", ""and"", ""Europe"", "","", ""and"", ""first"", ""became"", ""popular"", ""in"", ""the"", ""late"", ""1990s"", ""."" ]";[ 3, 4, 4, 4, 4, 4, 4, 4, 4, 0, 0, 0, 0, 0, 0 ];"[ ""en"", ""en"", ""en"", ""en"", ""en"", ""en"", ""en"", ""en"", ""en"", ""en"", ""en"", ""en"", ""en"", ""en"", ""en"" ]";"[ ""ORG: `` I Want More '' ( Can song )"" ]"
[3,4,0,0,0,0,0,0,0,0];"[ ""KKCEM"", ""Dhanbad"", ""was"", ""established"", ""in"", ""the"", ""year"", ""of"", ""2011"", ""."" ]";[ 0, 0, 0, 5, 0, 5, 6, 0, 5, 0, 0, 0, 0, 0, 0, 0, 0, 0, 0 ];"[ ""en"", ""en"", ""en"", ""en"", ""en"", ""en"", ""en"", ""en"", ""en"", ""en"", ""en"", ""en"", ""en"", ""en"", ""en"", ""en"", ""en"", ""en"", ""en"" ]";"[ ""LOC: Jamaica"", ""LOC: North America"", ""LOC: Europe"" ]"
[0,0,0,0,0,0,5,6,6,0];"[ ""The"", ""survivors"", ""were"", ""put"", ""ashore"", ""at"", ""Karlskrona"", "","", ""Sweden"", ""."" ]";[ 0, 5, 0, 0, 0, 0, 0, 0, 0, 0 ];"[ ""en"", ""en"", ""en"", ""en"", ""en"", ""en"", ""en"", ""en"", ""en"", ""en"" ]";"[ ""LOC: Dhanbad"" ]"
[1,2,2,2];"[ ""J."", ""H."", ""Hobart"", ""Ward"" ]";[ 0, 0, 0, 0, 0, 0, 5, 0, 5, 0 ];"[ ""en"", ""en"", ""en"", ""en"", ""en"", ""en"", ""en"", ""en"", ""en"", ""en"" ]";"[ ""LOC: Karlskrona"", ""LOC: Sweden"" ]"
[1,2,2];"[ ""Thomas"", ""Langdon"", ""Grace"" ]";[ 1, 2, 2, 2 ];"[ ""en"", ""en"", ""en"", ""en"" ]";"[ ""PER: J. H. Hobart Ward"" ]"
[1,2,0,0,0];"[ ""Stephen"", ""Levin"", ""("", ""councillor"", "")"" ]";[ 1, 2, 2 ];"[ ""en"", ""en"", ""en"" ]";"[ ""PER: Thomas Langdon Grace"" ]"
[1,2,0,0,0];"[ ""Ilinka"", ""Mitreva"", ""("", ""2002-2006"", "")"" ]";[ 1, 2, 2, 2, 2 ];"[ ""en"", ""en"", ""en"", ""en"", ""en"" ]";"[ ""PER: Stephen Levin ( councillor )"" ]"
[1,2,00,0,0,0,0,0];"[ ""Charlie"", ""Brown"", ""tries"", ""to"", ""sell"", ""wreaths"", ""door-to-door"", ""."" ]";[ 1, 2, 0, 0, 0 ];"[ ""en"", ""en"", ""en"", ""en"", ""en"" ]";"[ ""PER: Ilinka Mitreva"" ]"
[5,6,6,6,6];"[ ""Przerębska"", ""Huta"", "","", ""Kościerzyna"", ""County"" ]";[ 1, 2, 0, 0, 0, 0, 0, 0 ];"[ ""en"", ""en"", ""en"", ""en"", ""en"", ""en"", ""en"", ""en"" ]";"[ ""PER: Charlie Brown"" ]"
[5,6,0,0,0,0,0];"[ ""New"", ""York"", ""2,372,949"", ""("", ""12.1"", ""%"", "")"" ]";[ 5, 6, 6, 6, 6 ];"[ ""en"", ""en"", ""en"", ""en"", ""en"" ]";"[ ""LOC: Przerębska Huta , Kościerzyna County"" ]"
[0,0,1,2,0,0,0,1,2,0];"[ ""'"", ""''"", ""Elton"", ""John"", ""''"", ""'"", ""and"", ""'"", ""''"", ""Kiki"", ""Dee"", ""''"", ""'"" ]";[ 5, 6, 0, 0, 0, 0, 0 ];"[ ""en"", ""en"", ""en"", ""en"", ""en"", ""en"", ""en"" ]";"[ ""LOC: New York"" ]"
[1,2,2];"[ ""Stephen"", ""Kosgei"", ""Kibet"" ]";[ 0, 0, 1, 2, 0, 0, 0, 0, 0, 1, 2, 0, 0 ];"[ ""en"", ""en"", ""en"", ""en"", ""en"", ""en"", ""en"", ""en"", ""en"", ""en"", ""en"", ""en"", ""en"" ]";"[ ""PER: Elton John"", ""PER: Kiki Dee"" ]"
[5,6,6,6];"[ ""Takko"", "","", ""Aomori"", ""Prefecture"" ]";[ 1, 2, 2 ];"[ ""en"", ""en"", ""en"" ]";"[ ""PER: Stephen Kosgei Kibet"" ]"
[3,4,4,4,0,5];"[ ""Stadion"", ""v"", ""Jiráskově"", ""ulici"", "","", ""Jihlava"" ]";[ 3, 0, 5, 6 ];"[ ""en"", ""en"", ""en"", ""en"" ]";"[ ""ORG: Takko"", ""LOC: Aomori Prefecture"" ]"
[1,2,0,0,0];"[ ""Wayne"", ""Dowdy"", ""("", ""D"", "")"" ]";[ 3, 4, 4, 4, 0, 5 ];"[ ""en"", ""en"", ""en"", ""en"", ""en"", ""en"" ]";"[ ""ORG: Stadion v Jiráskově ulici"", ""LOC: Jihlava"" ]"
[0,0,0,0,5,6,6,6,0];"[ ""He"", ""was"", ""born"", ""in"", ""Bobai"", ""County"", "","", ""Guangxi"", ""."" ]";[ 1, 2, 0, 0, 0 ];"[ ""en"", ""en"", ""en"", ""en"", ""en"" ]";"[ ""PER: Wayne Dowdy"" ]"
[5,6,6,6];"[ ""South"", ""Windsor"", "","", ""Connecticut"" ]";[ 0, 0, 0, 0, 5, 6, 0, 5, 0 ];"[ ""en"", ""en"", ""en"", ""en"", ""en"", ""en"", ""en"", ""en"", ""en"" ]";"[ ""LOC: Bobai County"", ""LOC: Guangxi"" ]"
[3,4,4,4,4];"[ ""Communes"", ""of"", ""the"", ""Côte-d'Or"", ""department"" ]";[ 5, 6, 6, 6 ];"[ ""en"", ""en"", ""en"", ""en"" ]";"[ ""LOC: South Windsor , Connecticut"" ]"
[1,2,0,0,0,0,0];"[ ""Njenga"", ""Karume"", ""("", ""2006"", ""?"", ""-2008"", "")"" ]";[ 5, 6, 6, 6, 6 ];"[ ""en"", ""en"", ""en"", ""en"", ""en"" ]";"[ ""LOC: Communes of the Côte-d'Or department"" ]"
[0,5,6,6,0,0,0,1,2,0,0,0];"[ ""''"", ""Holy"", ""Roman"", ""Empire"", ""''"", ""'"", ""–"", ""Leopold"", ""I"", ""("", ""1658–1705"", "")"" ]";[ 1, 2, 0, 0, 0, 0, 0 ];"[ ""en"", ""en"", ""en"", ""en"", ""en"", ""en"", ""en"" ]";"[ ""PER: Njenga Karume"" ]"
[0,0,0,0,0,0,1,2,0,0,0,0];"[ ""The"", ""text"", ""was"", ""first"", ""edited"", ""by"", ""Gershom"", ""Scholem"", ""("", ""1965"", "")"", ""."" ]";[ 0, 3, 4, 4, 0, 0, 0, 1, 2, 0, 0, 0 ];"[ ""en"", ""en"", ""en"", ""en"", ""en"", ""en"", ""en"", ""en"", ""en"", ""en"", ""en"", ""en"" ]";"[ ""ORG: Holy Roman Empire"", ""PER: Leopold I"" ]"
[1,2,2,0,0,0];"[ ""Gregoria"", ""de"", ""Jesús"", ""("", ""1978"", "")"" ]";[ 0, 0, 0, 0, 0, 0, 1, 2, 0, 0, 0, 0 ];"[ ""en"", ""en"", ""en"", ""en"", ""en"", ""en"", ""en"", ""en"", ""en"", ""en"", ""en"", ""en"" ]";"[ ""PER: Gershom Scholem"" ]"
[0,0,0,5,0,5,6,0,0,5];"[ ""It"", ""flows"", ""from"", ""Ägerisee"", ""through"", ""Lake"", ""Zug"", ""into"", ""the"", ""Reuss"", ""."" ]";[ 1, 2, 2, 0, 0, 0 ];"[ ""en"", ""en"", ""en"", ""en"", ""en"", ""en"" ]";"[ ""PER: Gregoria de Jesús"" ]"
[3,4,4];"[ ""Epoch"", ""of"", ""Unlight"" ]";[ 0, 0, 0, 5, 0, 5, 6, 0, 0, 5, 0 ];"[ ""en"", ""en"", ""en"", ""en"", ""en"", ""en"", ""en"", ""en"", ""en"", ""en"", ""en"" ]";"[ ""LOC: Ägerisee"", ""LOC: Lake Zug"", ""LOC: Reuss"" ]"
[1,2,0,0];"[ ""Rick"", ""Rubin"", ""-"", ""producer"" ]";[ 3, 4, 4 ];"[ ""en"", ""en"", ""en"" ]";"[ ""ORG: Epoch of Unlight"" ]"
[0,0,0,1,2,2];"[ ""*August"", ""15"", ""–"", ""Mary"", ""Lou"", ""Graham"" ]";[ 1, 2, 0, 0 ];"[ ""en"", ""en"", ""en"", ""en"" ]";"[ ""PER: Rick Rubin"" ]"
[1,2,0,0,0];"[ ""Joseph"", ""Benavidez"", "","", ""Head"", ""Coach"" ]";[ 0, 0, 0, 1, 2, 2 ];"[ ""en"", ""en"", ""en"", ""en"", ""en"", ""en"" ]";"[ ""PER: Mary Lou Graham"" ]"
[0,0,5,0,5,0,0,3,4,0,0];"[ ""*Ambassador"", ""to"", ""Egypt"", "","", ""Sudan"", ""and"", ""the"", ""Arab"", ""League"", "":"", ""1963–1970"" ]";[ 1, 2, 0, 0, 0 ];"[ ""en"", ""en"", ""en"", ""en"", ""en"" ]";"[ ""PER: Joseph Benavidez"" ]"
[0,1,2,2,2,2];"[ ""***"", ""Odo"", "","", ""Count"", ""of"", ""Toulouse"" ]";[ 0, 0, 5, 0, 5, 0, 0, 3, 4, 0, 0 ];"[ ""en"", ""en"", ""en"", ""en"", ""en"", ""en"", ""en"", ""en"", ""en"", ""en"", ""en"" ]";"[ ""LOC: Egypt"", ""LOC: Sudan"", ""ORG: Arab League"" ]"
[0,1,2,0,0,0];"[ ""**"", ""Sancho"", ""II"", ""("", ""1223–1247"", "")"" ]";[ 0, 1, 2, 2, 2, 2 ];"[ ""en"", ""en"", ""en"", ""en"", ""en"", ""en"" ]";"[ ""PER: Odo , Count of Toulouse"" ]"
[1,2,0,0,0];"[ ""Wesley"", ""Pruden"", ""("", ""2013"", "")"" ]";[ 0, 1, 2, 0, 0, 0 ];"[ ""en"", ""en"", ""en"", ""en"", ""en"", ""en"" ]";"[ ""PER: Sancho II"" ]"
[0,0,0,0,0,0,0,0,0,0,0,0,0,0,0,0,0,0,0,0,0,0,3,4,0];"[ ""Previews"", ""are"", ""scheduled"", ""to"", ""begin"", ""March"", ""13"", "","", ""2017"", "","", ""with"", ""an"", ""opening"", ""date"", ""of"", ""April"", ""20"", "","", ""2017"", "","", ""at"", ""the"", ""Shubert"", ""Theatre"", ""."" ]";[ 1, 2, 0, 0, 0 ];"[ ""en"", ""en"", ""en"", ""en"", ""en"" ]";"[ ""PER: Wesley Pruden"" ]"
[5,0,5,0,5];"[ ""China"", "","", ""Indonesia"", "","", ""Vietnam"" ]";[ 0, 0, 0, 0, 0, 0, 0, 0, 0, 0, 0, 0, 0, 0, 0, 0, 0, 0, 0, 0, 0, 0, 3, 4, 0 ];"[ ""en"", ""en"", ""en"", ""en"", ""en"", ""en"", ""en"", ""en"", ""en"", ""en"", ""en"", ""en"", ""en"", ""en"", ""en"", ""en"", ""en"", ""en"", ""en"", ""en"", ""en"", ""en"", ""en"", ""en"", ""en"" ]";"[ ""ORG: Shubert Theatre"" ]"
[3,4,4,4,4,4];"[ ""Emmett"", ""/"", ""Furla"", ""/"", ""Oasis"", ""Films"" ]";[ 5, 0, 5, 0, 5 ];"[ ""en"", ""en"", ""en"", ""en"", ""en"" ]";"[ ""LOC: China"", ""LOC: Indonesia"", ""LOC: Vietnam"" ]"
[1,2,0,1,2];"[ ""Ekaterina"", ""Petaikina"", ""/"", ""Maxim"", ""Kurdyukov"" ]";[ 3, 4, 4, 4, 4, 4 ];"[ ""en"", ""en"", ""en"", ""en"", ""en"", ""en"" ]";"[ ""ORG: Emmett / Furla / Oasis Films"" ]"
;;[ 1, 2, 0, 1, 2 ];"[ ""en"", ""en"", ""en"", ""en"", ""en"" ]";"[ ""PER: Ekaterina Petaikina"", ""PER: Maxim Kurdyukov"" ]"